T,H,M,E,M,E,M,E,M,E,M,E,M,E,M,E,M,E,M,E,M,E
1.000000,0.000000,0.999040,-3.972244,0.999246,-3.973806,0.999067,-3.972580,0.999061,-3.972635,0.999061,-3.972526,0.998937,-3.971745,0.999246,-3.973806,0.998991,-3.972244,0.999143,-3.973210,0.999083,-3.972862
1.010000,0.000000,0.999110,-3.972830,0.999078,-3.972537,0.998969,-3.972233,0.999170,-3.973220,0.999132,-3.972971,0.999067,-3.972461,0.998980,-3.971832,0.999083,-3.972635,0.999034,-3.972504,0.999099,-3.972776
1.020000,0.000000,0.999175,-3.973427,0.998969,-3.972049,0.998947,-3.971908,0.999034,-3.972526,0.998828,-3.971137,0.999007,-3.972146,0.998904,-3.971441,0.998806,-3.971115,0.999137,-3.973014,0.998980,-3.972038
1.030000,0.000000,0.998736,-3.970323,0.998975,-3.971766,0.998855,-3.971191,0.998937,-3.971756,0.998947,-3.971604,0.998844,-3.971148,0.998834,-3.971115,0.999045,-3.972504,0.998796,-3.970649,0.998779,-3.970714
1.040000,0.000000,0.998725,-3.970171,0.998774,-3.970714,0.998779,-3.970638,0.998817,-3.970931,0.998861,-3.970812,0.998877,-3.970964,0.998747,-3.970193,0.998844,-3.971267,0.998584,-3.969401,0.998730,-3.970302
1.050000,0.000000,0.998725,-3.969835,0.998622,-3.969173,0.998383,-3.967839,0.998497,-3.968685,0.998703,-3.970161,0.998752,-3.970193,0.998595,-3.969227,0.998730,-3.970247,0.998503,-3.968750,0.998617,-3.969358
1.060000,0.000000,0.998503,-3.968837,0.998579,-3.969282,0.998584,-3.969108,0.998503,-3.968652,0.998676,-3.969792,0.998606,-3.969347,0.998389,-3.967871,0.998600,-3.969423,0.998627,-3.969596,0.998595,-3.969358
1.070000,0.000000,0.998551,-3.968848,0.998356,-3.967567,0.998443,-3.968316,0.998448,-3.967969,0.998562,-3.969119,0.998519,-3.968772,0.998313,-3.967502,0.998324,-3.967383,0.998535,-3.968728,0.998405,-3.967980
1.080000,0.000000,0.998166,-3.966840,0.998389,-3.967556,0.998465,-3.968598,0.998253,-3.966764,0.998448,-3.968110,0.998372,-3.967806,0.998269,-3.967025,0.998340,-3.967556,0.998443,-3.967817,0.998519,-3.968717
1.090000,0.000000,0.998134,-3.966254,0.998345,-3.967394,0.998334,-3.967339,0.998275,-3.966905,0.998470,-3.968197,0.998172,-3.966309,0.998117,-3.965940,0.998193,-3.966352,0.998492,-3.968587,0.998258,-3.966699
1.100000,0.000000,0.997960,-3.965115,0.998128,-3.966341,0.998166,-3.966612,0.998036,-3.965462,0.998204,-3.967036,0.997890,-3.964865,0.998134,-3.965712,0.998264,-3.966905,0.997993,-3.965169,0.998090,-3.965484
1.110000,0.000000,0.998031,-3.965365,0.997998,-3.965592,0.998025,-3.965386,0.997955,-3.964638,0.998112,-3.965690,0.998085,-3.966113,0.997960,-3.965560,0.997938,-3.965072,0.998031,-3.965202,0.998079,-3.965788
1.120000,0.000000,0.998074,-3.965462,0.997792,-3.963628,0.997933,-3.964757,0.997618,-3.962695,0.997960,-3.964887,0.998009,-3.964789,0.997808,-3.963965,0.997890,-3.964746,0.997781,-3.964073,0.997776,-3.963997
1.130000,0.000000,0.997629,-3.962988,0.997629,-3.962847,0.997732,-3.963227,0.997895,-3.964670,0.997700,-3.962999,0.997504,-3.961469,0.997759,-3.963661,0.997374,-3.961285,0.997852,-3.963921,0.997624,-3.962739
1.140000,0.000000,0.997662,-3.962609,0.997553,-3.961947,0.997477,-3.961523,0.997461,-3.961220,0.997814,-3.963672,0.997564,-3.962381,0.997613,-3.962684,0.997613,-3.962598,0.997483,-3.961491,0.997711,-3.963401
1.150000,0.000000,0.997314,-3.960308,0.997244,-3.960178,0.997228,-3.960308,0.997412,-3.961111,0.997342,-3.960297,0.997515,-3.961545,0.997418,-3.961372,0.997683,-3.962956,0.997325,-3.960601,0.997472,-3.961350
1.160000,0.000000,0.997005,-3.958474,0.997320,-3.960265,0.997163,-3.959473,0.997179,-3.959494,0.997081,-3.958854,0.997032,-3.958702,0.997065,-3.959104,0.997211,-3.959549,0.997282,-3.960189,0.997504,-3.962099
1.170000,0.000000,0.997043,-3.958366,0.996766,-3.957205,0.996908,-3.957888,0.996832,-3.957161,0.996615,-3.956662,0.996799,-3.957552,0.996924,-3.958789,0.996750,-3.956836,0.996859,-3.957444,0.996967,-3.958116
1.180000,0.000000,0.996946,-3.957823,0.996956,-3.958236,0.996370,-3.955263,0.996696,-3.956793,0.996197,-3.953060,0.996761,-3.956934,0.996517,-3.955718,0.996842,-3.957715,0.996663,-3.955252,0.996967,-3.958496
1.190000,0.000000,0.996674,-3.956011,0.996468,-3.954785,0.996674,-3.956445,0.996663,-3.956087,0.996788,-3.956771,0.996560,-3.955349,0.996880,-3.957530,0.996761,-3.956152,0.996636,-3.955404,0.997038,-3.958377
1.200000,0.000000,0.996246,-3.952789,0.996593,-3.955534,0.996631,-3.955990,0.996164,-3.952799,0.996360,-3.953776,0.996343,-3.954069,0.996555,-3.955599,0.996251,-3.953179,0.996766,-3.956999,0.996202,-3.953158
1.210000,0.000000,0.995915,-3.951541,0.996278,-3.952951,0.996251,-3.953092,0.996213,-3.953136,0.996370,-3.954427,0.995904,-3.951693,0.996262,-3.953212,0.996153,-3.952962,0.996170,-3.952658,0.996284,-3.953266
1.220000,0.000000,0.996224,-3.952930,0.995974,-3.952311,0.995730,-3.949479,0.995486,-3.948427,0.995931,-3.950792,0.996083,-3.952355,0.996289,-3.953223,0.995795,-3.950369,0.995719,-3.949837,0.996159,-3.952387
1.230000,0.000000,0.996083,-3.952072,0.995665,-3.949859,0.995936,-3.950304,0.996023,-3.951736,0.995741,-3.949306,0.995692,-3.949631,0.995969,-3.951172,0.995616,-3.949588,0.995888,-3.950933,0.995709,-3.949783
1.240000,0.000000,0.995801,-3.949729,0.995454,-3.948090,0.995399,-3.948123,0.995356,-3.947515,0.995247,-3.946680,0.995253,-3.946929,0.995394,-3.947993,0.995443,-3.948492,0.995578,-3.948481,0.995313,-3.947276
1.250000,0.000000,0.995643,-3.949240,0.995144,-3.946408,0.995313,-3.947645,0.995388,-3.947515,0.995150,-3.945692,0.995247,-3.946658,0.995589,-3.949295,0.995394,-3.947754,0.995193,-3.946560,0.995106,-3.945627
1.260000,0.000000,0.994499,-3.942361,0.994781,-3.943305,0.994971,-3.945247,0.994944,-3.944694,0.994645,-3.943132,0.995161,-3.946126,0.994982,-3.944390,0.994840,-3.943555,0.994824,-3.944076,0.994835,-3.943576
1.270000,0.000000,0.995247,-3.946191,0.994548,-3.942578,0.994971,-3.944010,0.994938,-3.944390,0.994347,-3.940516,0.994569,-3.941927,0.994607,-3.941526,0.994846,-3.943728,0.994482,-3.941829,0.994461,-3.940430
1.280000,0.000000,0.993983,-3.939431,0.994520,-3.941797,0.994493,-3.941569,0.994293,-3.940039,0.994748,-3.943924,0.994564,-3.942567,0.994113,-3.938791,0.994737,-3.942839,0.994602,-3.942535,0.994249,-3.940093
1.290000,0.000000,0.994059,-3.938878,0.994070,-3.938238,0.994097,-3.938433,0.994526,-3.941536,0.994157,-3.939345,0.994303,-3.940560,0.993945,-3.938466,0.994553,-3.940278,0.994081,-3.938932,0.993940,-3.938336
1.300000,0.000000,0.993690,-3.936144,0.994092,-3.938520,0.994162,-3.939876,0.993951,-3.938411,0.994010,-3.939171,0.993576,-3.935579,0.993500,-3.935156,0.993739,-3.936610,0.993294,-3.934451,0.994027,-3.939062
1.310000,0.000000,0.993571,-3.935254,0.993305,-3.933084,0.993685,-3.936502,0.994151,-3.938346,0.993251,-3.934744,0.993772,-3.936296,0.993631,-3.935547,0.993631,-3.936252,0.993126,-3.933648,0.993240,-3.933550
1.320000,0.000000,0.993077,-3.931782,0.992594,-3.929470,0.993349,-3.933257,0.993359,-3.933637,0.993571,-3.934809,0.992540,-3.928863,0.993104,-3.932628,0.993349,-3.934180,0.992741,-3.930122,0.993408,-3.934625
1.330000,0.000000,0.992556,-3.928396,0.993023,-3.931510,0.992660,-3.929264,0.992274,-3.927333,0.992725,-3.930881,0.992828,-3.931022,0.993039,-3.931489,0.992497,-3.927615,0.992985,-3.931586,0.992784,-3.929774
1.340000,0.000000,0.992708,-3.929763,0.992372,-3.927724,0.992350,-3.927713,0.992350,-3.927387,0.992491,-3.929047,0.992112,-3.926530,0.992801,-3.930339,0.992112,-3.925347,0.991889,-3.924555,0.992133,-3.926345
1.350000,0.000000,0.991401,-3.922363,0.992177,-3.926031,0.992133,-3.926031,0.991612,-3.922548,0.992052,-3.925575,0.992139,-3.925944,0.991884,-3.924533,0.992025,-3.925836,0.991933,-3.923893,0.992247,-3.927973
1.360000,0.000000,0.991319,-3.922005,0.991477,-3.921354,0.991330,-3.921517,0.991819,-3.923850,0.991591,-3.923231,0.991509,-3.921712,0.991504,-3.921246,0.991461,-3.921658,0.991705,-3.922786,0.991857,-3.923535
1.370000,0.000000,0.991298,-3.920193,0.991509,-3.921050,0.991341,-3.920692,0.990983,-3.919629,0.990641,-3.916200,0.991428,-3.920627,0.990967,-3.918815,0.990918,-3.919032,0.991450,-3.922146,0.991211,-3.919911
1.380000,0.000000,0.990462,-3.915896,0.990842,-3.917958,0.991363,-3.919531,0.990299,-3.914822,0.990522,-3.916623,0.990468,-3.915712,0.990864,-3.917763,0.990744,-3.917329,0.990826,-3.917112,0.990766,-3.917589
1.390000,0.000000,0.990571,-3.916829,0.990158,-3.914052,0.990473,-3.914193,0.990462,-3.914399,0.990337,-3.915614,0.990403,-3.914931,0.990668,-3.917112,0.990327,-3.915495,0.990424,-3.915289,0.990587,-3.915419
1.400000,0.000000,0.990148,-3.913704,0.989670,-3.911762,0.989350,-3.908008,0.989551,-3.908681,0.989621,-3.909494,0.989822,-3.911947,0.990104,-3.913129,0.989876,-3.910937,0.989572,-3.909993,0.990609,-3.915473
1.410000,0.000000,0.989366,-3.908767,0.989307,-3.907541,0.989274,-3.906912,0.989421,-3.909136,0.989556,-3.909690,0.989448,-3.910189,0.989947,-3.912294,0.989757,-3.910232,0.988949,-3.905794,0.989741,-3.910764
1.420000,0.000000,0.989258,-3.907899,0.988656,-3.904449,0.988992,-3.905914,0.988780,-3.904286,0.988759,-3.904329,0.989041,-3.907378,0.989426,-3.907606,0.988623,-3.904123,0.989062,-3.906901,0.988525,-3.904015
1.430000,0.000000,0.988639,-3.903678,0.987912,-3.899750,0.988167,-3.899599,0.987836,-3.899262,0.988574,-3.903440,0.988265,-3.900673,0.987977,-3.900814,0.988308,-3.903375,0.988466,-3.903179,0.987733,-3.898123
1.440000,0.000000,0.988330,-3.902127,0.987728,-3.899414,0.988021,-3.899512,0.987565,-3.899067,0.988439,-3.902083,0.988384,-3.901953,0.987473,-3.897613,0.988232,-3.900629,0.988303,-3.900911,0.987473,-3.896777
1.450000,0.000000,0.986664,-3.893088,0.986800,-3.893066,0.988200,-3.901226,0.987435,-3.895139,0.987587,-3.897786,0.987310,-3.896311,0.987609,-3.896549,0.986664,-3.891927,0.987147,-3.895020,0.987082,-3.894206
1.460000,0.000000,0.986637,-3.891222,0.986372,-3.889171,0.986491,-3.889475,0.986833,-3.892263,0.987137,-3.894434,0.987267,-3.894781,0.986708,-3.891580,0.986670,-3.890755,0.986637,-3.891949,0.986572,-3.891547
1.470000,0.000000,0.986019,-3.886339,0.986561,-3.888509,0.985748,-3.887316,0.986632,-3.890679,0.986306,-3.888748,0.985720,-3.886317,0.986160,-3.887826,0.985802,-3.886339,0.985167,-3.884169,0.986209,-3.888411
1.480000,0.000000,0.986057,-3.888455,0.984429,-3.878440,0.985938,-3.887565,0.984918,-3.881793,0.985243,-3.884744,0.985959,-3.885981,0.985476,-3.883908,0.985834,-3.886144,0.985590,-3.884136,0.984630,-3.880056
1.490000,0.000000,0.985286,-3.883800,0.984120,-3.876400,0.984901,-3.879319,0.984511,-3.878353,0.985362,-3.883236,0.984890,-3.880273,0.984717,-3.881000,0.984880,-3.880187,0.985270,-3.881966,0.984847,-3.881076
1.500000,0.000000,0.983936,-3.876780,0.984641,-3.878592,0.984397,-3.874566,0.983811,-3.874219,0.984462,-3.877984,0.984142,-3.876194,0.984044,-3.875651,0.984321,-3.877756,0.984484,-3.877214,0.984576,-3.876270
1.510000,0.000000,0.983480,-3.871061,0.983154,-3.869759,0.982395,-3.864616,0.983789,-3.872656,0.983491,-3.872016,0.982552,-3.867372,0.983214,-3.869705,0.983903,-3.876259,0.983453,-3.873589,0.983903,-3.875195
1.520000,0.000000,0.981917,-3.862793,0.982834,-3.868924,0.982416,-3.867719,0.983149,-3.870182,0.982758,-3.866840,0.982840,-3.867556,0.983008,-3.868587,0.982910,-3.869542,0.982590,-3.869249,0.982677,-3.865907
1.530000,0.000000,0.981977,-3.863194,0.981565,-3.860731,0.981212,-3.861100,0.982237,-3.863162,0.983040,-3.868826,0.982433,-3.865864,0.981049,-3.858431,0.981711,-3.861903,0.981071,-3.860384,0.981033,-3.858583
1.540000,0.000000,0.980897,-3.855414,0.981093,-3.857693,0.981727,-3.861328,0.981152,-3.858268,0.980957,-3.856988,0.981570,-3.860395,0.981331,-3.860981,0.981228,-3.859842,0.982048,-3.862055,0.980398,-3.853982
1.550000,0.000000,0.980355,-3.854340,0.979807,-3.850141,0.981554,-3.857986,0.980414,-3.854395,0.980686,-3.856196,0.981114,-3.858019,0.980002,-3.853570,0.980073,-3.853451,0.979519,-3.850076,0.980556,-3.855653
1.560000,0.000000,0.979405,-3.848459,0.979921,-3.850391,0.979085,-3.847938,0.978857,-3.844455,0.980197,-3.852159,0.979715,-3.850304,0.979297,-3.848622,0.979655,-3.847971,0.979801,-3.851454,0.980485,-3.854492
1.570000,0.000000,0.978407,-3.843728,0.978554,-3.844976,0.978385,-3.842339,0.978624,-3.842188,0.978673,-3.841612,0.979660,-3.848340,0.980078,-3.849718,0.978353,-3.843132,0.979253,-3.847352,0.978885,-3.847266
1.580000,0.000000,0.977528,-3.835428,0.978825,-3.845020,0.978293,-3.840072,0.978472,-3.842763,0.977045,-3.835330,0.978244,-3.842209,0.977843,-3.839681,0.977913,-3.838108,0.977507,-3.834364,0.977951,-3.838563
1.590000,0.000000,0.976232,-3.827561,0.977224,-3.833539,0.978510,-3.841808,0.977523,-3.835503,0.977327,-3.834852,0.977599,-3.837402,0.977376,-3.834679,0.976866,-3.836003,0.976270,-3.834549,0.976329,-3.830284
1.600000,0.000000,0.975722,-3.826704,0.977007,-3.834701,0.976118,-3.830035,0.976280,-3.830078,0.976383,-3.831033,0.976378,-3.830154,0.976405,-3.831304,0.974750,-3.821766,0.975439,-3.823980,0.975787,-3.828288
1.610000,0.000000,0.975884,-3.827431,0.974691,-3.819065,0.974891,-3.820801,0.975114,-3.824566,0.974723,-3.824121,0.976313,-3.829123,0.975109,-3.822591,0.975022,-3.822027,0.974995,-3.822569,0.975836,-3.825564
1.620000,0.000000,0.973910,-3.817133,0.974707,-3.821159,0.975385,-3.822841,0.974360,-3.817990,0.973958,-3.818978,0.974674,-3.817318,0.974799,-3.820833,0.974175,-3.820106,0.974338,-3.818739,0.974045,-3.818305
1.630000,0.000000,0.974571,-3.817882,0.973183,-3.810493,0.973655,-3.814844,0.972336,-3.807769,0.972466,-3.809635,0.972835,-3.810102,0.972412,-3.806684,0.974360,-3.817524,0.971577,-3.804948,0.972146,-3.808811
1.640000,0.000000,0.971273,-3.799696,0.971419,-3.802691,0.972222,-3.806793,0.972949,-3.809191,0.971669,-3.806022,0.972363,-3.804102,0.972515,-3.809353,0.970774,-3.799674,0.972472,-3.807671,0.971804,-3.802365
1.650000,0.000000,0.970920,-3.800011,0.970958,-3.802192,0.971294,-3.800152,0.970822,-3.800239,0.971370,-3.800521,0.971305,-3.801845,0.971940,-3.804134,0.970530,-3.800174,0.970475,-3.798340,0.970866,-3.799186
1.660000,0.000000,0.970171,-3.796115,0.970785,-3.795421,0.969575,-3.792166,0.969813,-3.793414,0.969488,-3.792177,0.969151,-3.790668,0.970291,-3.793370,0.969238,-3.793490,0.969054,-3.788108,0.969434,-3.791395
1.670000,0.000000,0.968560,-3.786079,0.967432,-3.781966,0.968620,-3.788498,0.968240,-3.784451,0.967768,-3.784690,0.967985,-3.783832,0.967497,-3.779514,0.968745,-3.789627,0.968886,-3.786827,0.967312,-3.781120
1.680000,0.000000,0.967697,-3.781000,0.966911,-3.775814,0.966390,-3.776400,0.968077,-3.782769,0.966352,-3.774371,0.967263,-3.774946,0.967839,-3.781543,0.968164,-3.785655,0.966059,-3.772211,0.967725,-3.779470
1.690000,0.000000,0.965647,-3.772960,0.965278,-3.767339,0.966634,-3.776139,0.965983,-3.771419,0.965625,-3.771170,0.965316,-3.773405,0.966645,-3.774186,0.965967,-3.774132,0.966173,-3.772689,0.966336,-3.774338
1.700000,0.000000,0.965034,-3.765679,0.964610,-3.763574,0.965793,-3.766992,0.965234,-3.763553,0.965348,-3.768088,0.965142,-3.762229,0.965234,-3.769954,0.963791,-3.760547,0.963645,-3.759809,0.961903,-3.756239
1.710000,0.000000,0.963770,-3.756803,0.964269,-3.757107,0.963395,-3.757270,0.962375,-3.755154,0.963162,-3.757552,0.963298,-3.759060,0.961247,-3.748720,0.963325,-3.759603,0.963574,-3.758409,0.962663,-3.752040
1.720000,0.000000,0.962126,-3.750911,0.963341,-3.757813,0.961561,-3.749316,0.961654,-3.746387,0.963216,-3.748351,0.963433,-3.755425,0.961627,-3.743349,0.963146,-3.750814,0.962071,-3.750043,0.961616,-3.748058
1.730000,0.000000,0.959744,-3.736296,0.959511,-3.736957,0.961100,-3.741059,0.959679,-3.740929,0.961627,-3.743956,0.961686,-3.748220,0.960026,-3.742220,0.961290,-3.745866,0.960634,-3.744466,0.961458,-3.750890
1.740000,0.000000,0.960211,-3.743370,0.960677,-3.743034,0.960726,-3.741829,0.958632,-3.732747,0.958832,-3.736393,0.958209,-3.733659,0.959131,-3.733648,0.957498,-3.728624,0.958160,-3.729492,0.960455,-3.740332
1.750000,0.000000,0.957975,-3.729264,0.956559,-3.726953,0.957189,-3.722070,0.957259,-3.725684,0.957020,-3.726552,0.957964,-3.731576,0.958046,-3.729243,0.957096,-3.725054,0.956489,-3.722602,0.959120,-3.738184
1.760000,0.000000,0.955707,-3.717925,0.955539,-3.714703,0.954850,-3.714334,0.955116,-3.717459,0.955442,-3.713921,0.955908,-3.716135,0.955062,-3.713997,0.955556,-3.717524,0.955680,-3.720323,0.958388,-3.727724
1.770000,0.000000,0.953472,-3.708485,0.952843,-3.705740,0.954346,-3.709646,0.951345,-3.714377,0.954400,-3.715072,0.955235,-3.714572,0.955724,-3.715560,0.952029,-3.706380,0.954666,-3.709722,0.952078,-3.699078
1.780000,0.000000,0.952664,-3.700716,0.950846,-3.694368,0.952306,-3.702474,0.951139,-3.696517,0.952083,-3.700250,0.949870,-3.694770,0.950130,-3.694000,0.951720,-3.698557,0.951351,-3.700065,0.950244,-3.692003
1.790000,0.000000,0.952794,-3.702322,0.950917,-3.691786,0.949083,-3.690820,0.950819,-3.690267,0.950092,-3.688227,0.949018,-3.684104,0.952686,-3.699230,0.949707,-3.688520,0.950564,-3.692773,0.949897,-3.693696
1.800000,0.000000,0.950814,-3.691178,0.949929,-3.688043,0.951481,-3.691699,0.949137,-3.685460,0.950358,-3.684625,0.947445,-3.677224,0.950043,-3.686903,0.950244,-3.686686,0.947201,-3.672396,0.949360,-3.683952
1.810000,0.000000,0.946153,-3.670681,0.947879,-3.680729,0.944021,-3.662826,0.947922,-3.677507,0.946989,-3.671376,0.946202,-3.671636,0.948562,-3.679481,0.949707,-3.684603,0.946181,-3.668034,0.946528,-3.680501
1.820000,0.000000,0.945600,-3.662836,0.944504,-3.662630,0.945882,-3.670584,0.944949,-3.663292,0.943886,-3.659733,0.946338,-3.669900,0.944629,-3.663162,0.944857,-3.668848,0.946989,-3.671788,0.945182,-3.663032
1.830000,0.000000,0.944916,-3.663639,0.943387,-3.655740,0.941699,-3.656098,0.943495,-3.656011,0.943609,-3.658529,0.943294,-3.654514,0.944477,-3.660211,0.941336,-3.651671,0.943235,-3.655718,0.946598,-3.667274
1.840000,0.000000,0.940603,-3.645421,0.939252,-3.639811,0.941927,-3.643891,0.939355,-3.640668,0.940061,-3.644694,0.939730,-3.641243,0.940294,-3.641515,0.940213,-3.649295,0.942996,-3.653841,0.940327,-3.643414
1.850000,0.000000,0.937603,-3.634234,0.940847,-3.644141,0.940538,-3.641688,0.936480,-3.620985,0.938694,-3.633615,0.939106,-3.636458,0.937343,-3.632400,0.940815,-3.644097,0.937272,-3.632997,0.935080,-3.627951
1.860000,0.000000,0.937505,-3.633767,0.932872,-3.620182,0.935932,-3.622917,0.936442,-3.621474,0.933870,-3.615983,0.936214,-3.627116,0.932937,-3.612717,0.934500,-3.616732,0.934619,-3.615354,0.936475,-3.620247
1.870000,0.000000,0.934256,-3.611795,0.932894,-3.611914,0.931022,-3.604329,0.935129,-3.621474,0.933317,-3.606434,0.932482,-3.608713,0.932986,-3.607335,0.937050,-3.616385,0.934901,-3.620334,0.934885,-3.619705
1.880000,0.000000,0.929845,-3.594813,0.932037,-3.602029,0.931934,-3.605143,0.931597,-3.601638,0.932628,-3.608030,0.930035,-3.598730,0.929953,-3.597993,0.932303,-3.607389,0.931500,-3.607368,0.932351,-3.604362
1.890000,0.000000,0.926432,-3.589692,0.926443,-3.579970,0.925808,-3.581803,0.928689,-3.588878,0.931076,-3.597483,0.926893,-3.585688,0.930990,-3.599078,0.930490,-3.589594,0.925624,-3.588205,0.927827,-3.590658
1.900000,0.000000,0.927273,-3.582628,0.928331,-3.580523,0.926606,-3.578526,0.924127,-3.573774,0.925488,-3.579546,0.924756,-3.584993,0.921701,-3.571408,0.925977,-3.579829,0.924045,-3.578158,0.926514,-3.578743
1.910000,0.000000,0.924447,-3.569770,0.924441,-3.567025,0.923378,-3.570497,0.924148,-3.564768,0.928076,-3.585232,0.917757,-3.556293,0.923655,-3.568034,0.926758,-3.577799,0.925559,-3.571962,0.919303,-3.557726
1.920000,0.000000,0.921175,-3.554319,0.922835,-3.560308,0.920714,-3.552637,0.921517,-3.556923,0.920605,-3.557357,0.918235,-3.541895,0.919423,-3.551053,0.923763,-3.565321,0.920258,-3.552550,0.919233,-3.551682
1.930000,0.000000,0.917486,-3.535579,0.912516,-3.531315,0.915408,-3.540191,0.918300,-3.542697,0.918766,-3.542643,0.917996,-3.541211,0.913108,-3.536730,0.915739,-3.532671,0.916829,-3.532422,0.914600,-3.533171
1.940000,0.000000,0.917980,-3.540126,0.909836,-3.518479,0.913281,-3.533637,0.914345,-3.527886,0.916602,-3.538553,0.911702,-3.532107,0.916857,-3.539117,0.913634,-3.527365,0.917209,-3.533464,0.911990,-3.522222
1.950000,0.000000,0.907340,-3.507433,0.915110,-3.513086,0.911583,-3.523796,0.908122,-3.509972,0.914469,-3.526074,0.911632,-3.509321,0.914095,-3.527040,0.911806,-3.521408,0.910661,-3.517990,0.910335,-3.518598
1.960000,0.000000,0.907471,-3.501161,0.905957,-3.502452,0.905903,-3.486220,0.892562,-3.488194,0.907487,-3.510254,0.901563,-3.500738,0.903673,-3.498003,0.909961,-3.507671,0.897342,-3.499284,0.910167,-3.507758
1.970000,0.000000,0.900239,-3.483149,0.900846,-3.478559,0.905414,-3.493327,0.905789,-3.490538,0.901172,-3.479850,0.904758,-3.488520,0.905843,-3.500260,0.898768,-3.480990,0.907699,-3.496842,0.903955,-3.484494
1.980000,0.000000,0.900955,-3.479536,0.899213,-3.477355,0.895280,-3.459928,0.889735,-3.467980,0.901221,-3.476107,0.901373,-3.474219,0.902463,-3.475391,0.902604,-3.484266,0.900760,-3.474132,0.896788,-3.463260
1.990000,0.000000,0.887988,-3.451183,0.893571,-3.455100,0.892887,-3.454622,0.896050,-3.459820,0.893397,-3.451606,0.898416,-3.466048,0.892887,-3.453234,0.900228,-3.467611,0.897401,-3.463422,0.895893,-3.446474
2.000000,0.000000,0.878977,-3.438444,0.890880,-3.438867,0.883984,-3.434690,0.888026,-3.434961,0.891406,-3.436838,0.895714,-3.446072,0.896501,-3.453472,0.894824,-3.451128,0.890007,-3.438889,0.890164,-3.444336
2.010000,0.000000,0.881038,-3.410069,0.887402,-3.424740,0.886084,-3.432552,0.883588,-3.414106,0.888780,-3.433279,0.890685,-3.439052,0.890706,-3.437967,0.886589,-3.421593,0.882791,-3.413086,0.889252,-3.427474
2.020000,0.000000,0.874951,-3.397059,0.879720,-3.409321,0.882704,-3.405946,0.878706,-3.409397,0.884630,-3.403353,0.886372,-3.414030,0.885889,-3.420095,0.882775,-3.416298,0.879666,-3.404264,0.880594,-3.414073
2.030000,0.000000,0.872754,-3.394043,0.880887,-3.397266,0.875401,-3.396842,0.883127,-3.409874,0.883409,-3.397635,0.872662,-3.386686,0.878939,-3.401986,0.876758,-3.390777,0.879698,-3.398134,0.879026,-3.395302
2.040000,0.000000,0.880094,-3.391450,0.866759,-3.364323,0.830718,-3.372732,0.872705,-3.378809,0.876335,-3.372342,0.877995,-3.387706,0.866444,-3.364833,0.876752,-3.381890,0.869683,-3.381651,0.867296,-3.372635
2.050000,0.000000,0.864204,-3.355664,0.866444,-3.363563,0.863553,-3.349523,0.866482,-3.355729,0.863949,-3.365332,0.863254,-3.350651,0.872439,-3.359603,0.861198,-3.354612,0.857905,-3.354796,0.864128,-3.357389
2.060000,0.000000,0.857975,-3.337088,0.858263,-3.338878,0.857829,-3.334169,0.853608,-3.348394,0.860731,-3.342263,0.850190,-3.336784,0.862701,-3.347982,0.870584,-3.350336,0.857254,-3.335460,0.865788,-3.342253
2.070000,0.000000,0.861415,-3.325955,0.862077,-3.334918,0.854498,-3.322635,0.863043,-3.333290,0.863563,-3.338921,0.858322,-3.332834,0.840441,-3.297993,0.861909,-3.328581,0.850336,-3.320888,0.849051,-3.319531
2.080000,0.000000,0.843907,-3.291287,0.839475,-3.295226,0.842980,-3.319878,0.851736,-3.298958,0.850922,-3.314052,0.851394,-3.301725,0.842871,-3.302832,0.856109,-3.313878,0.831299,-3.282541,0.853971,-3.316688
2.090000,0.000000,0.807883,-3.255686,0.844640,-3.281337,0.840397,-3.278071,0.825401,-3.269293,0.840034,-3.282118,0.846951,-3.305187,0.846262,-3.272993,0.842263,-3.287012,0.840007,-3.286827,0.842019,-3.288759
2.100000,0.000000,0.840484,-3.269423,0.827479,-3.262326,0.837402,-3.270041,0.829058,-3.243783,0.838357,-3.261155,0.832758,-3.260905,0.821257,-3.241504,0.828125,-3.259060,0.822727,-3.251541,0.843028,-3.272146
2.110000,0.000000,0.823915,-3.245747,0.827702,-3.247059,0.827235,-3.237283,0.830941,-3.243327,0.825570,-3.244032,0.829042,-3.243121,0.815392,-3.239334,0.829264,-3.250803,0.829291,-3.234820,0.821875,-3.261296
2.120000,0.000000,0.818755,-3.222276,0.815875,-3.205827,0.808746,-3.198785,0.823112,-3.218685,0.812413,-3.211882,0.827447,-3.232140,0.833469,-3.254308,0.797130,-3.229720,0.809408,-3.205317,0.817844,-3.209690
2.130000,0.000000,0.798041,-3.185623,0.795079,-3.178147,0.801313,-3.186936,0.814274,-3.200217,0.821474,-3.205273,0.806120,-3.201356,0.812104,-3.201845,0.772678,-3.165082,0.803874,-3.196528,0.799674,-3.203700
2.140000,0.000000,0.793555,-3.166254,0.796815,-3.182975,0.793717,-3.165712,0.793240,-3.176714,0.788021,-3.169954,0.813558,-3.193880,0.774371,-3.145237,0.798432,-3.163661,0.777523,-3.160037,0.799365,-3.168099
2.150000,0.000000,0.793875,-3.154839,0.760428,-3.134885,0.798112,-3.168001,0.785992,-3.145519,0.791542,-3.158160,0.782427,-3.144824,0.798823,-3.162760,0.780588,-3.149132,0.782986,-3.139811,0.789600,-3.167133
2.160000,0.000000,0.785541,-3.130859,0.770958,-3.123025,0.780192,-3.122808,0.787663,-3.130870,0.759852,-3.117209,0.773850,-3.126736,0.775239,-3.121973,0.783583,-3.146137,0.781429,-3.124902,0.773041,-3.132303
2.170000,0.000000,0.754232,-3.096832,0.767334,-3.119737,0.774235,-3.105284,0.778906,-3.106879,0.775873,-3.118869,0.746023,-3.091938,0.703749,-3.049425,0.755979,-3.108887,0.762451,-3.077734,0.749175,-3.098112
2.180000,0.000000,0.759814,-3.070063,0.727566,-3.057856,0.728939,-3.061469,0.750911,-3.085221,0.753413,-3.072993,0.741732,-3.062012,0.753179,-3.086361,0.755832,-3.067459,0.753347,-3.081771,0.726199,-3.056901
2.190000,0.000000,0.725190,-3.031380,0.725201,-3.037316,0.740424,-3.064572,0.726839,-3.034668,0.746213,-3.058963,0.693240,-3.018066,0.716526,-3.017763,0.750293,-3.062609,0.738075,-3.035080,0.751481,-3.053537
2.200000,0.000000,0.706158,-3.018511,0.678825,-2.984549,0.712728,-3.018620,0.748687,-3.027441,0.700060,-3.001931,0.682156,-2.991298,0.679443,-3.003678,0.708523,-3.006456,0.728819,-3.023633,0.708078,-3.005675
2.210000,0.000000,0.697819,-2.987316,0.647043,-2.970671,0.710531,-3.016743,0.693072,-2.978266,0.658138,-2.982454,0.706521,-2.994813,0.699154,-2.995844,0.693696,-2.984918,0.682210,-2.984223,0.693891,-2.974013
2.220000,0.000000,0.669309,-2.944455,0.719265,-2.979991,0.666070,-2.958008,0.663699,-2.962543,0.655707,-2.939128,0.683230,-2.954905,0.679460,-2.952669,0.659418,-2.935731,0.628532,-2.937663,0.712316,-2.972949
2.230000,0.000000,0.661377,-2.911838,0.640837,-2.929579,0.669542,-2.925987,0.603543,-2.903581,0.717312,-2.968924,0.643343,-2.914985,0.669434,-2.935417,0.622054,-2.926454,0.645204,-2.917654,0.660162,-2.950000
2.240000,0.000000,0.602409,-2.857237,0.565115,-2.855566,0.531369,-2.842763,0.660975,-2.917925,0.612109,-2.880230,0.626573,-2.906782,0.672776,-2.926552,0.610558,-2.876226,0.590858,-2.876617,0.643880,-2.891515
2.250000,0.000000,0.636475,-2.880794,0.584918,-2.858529,0.561480,-2.834679,0.571029,-2.849881,0.624826,-2.884874,0.536106,-2.829123,0.584429,-2.857313,0.589947,-2.862717,0.561909,-2.858572,0.528147,-2.825423
2.260000,0.000000,0.490896,-2.808746,0.482601,-2.779264,0.561041,-2.823036,0.596115,-2.821050,0.535829,-2.794575,0.532275,-2.813249,0.536442,-2.817611,0.509559,-2.791374,0.571973,-2.808941,0.571463,-2.840831
2.270000,0.000000,0.452246,-2.756630,0.537169,-2.789985,0.469325,-2.761361,0.507221,-2.768522,0.424278,-2.748503,0.555431,-2.813585,0.523150,-2.775499,0.501763,-2.774588,0.498752,-2.766851,0.489627,-2.768533
2.280000,0.000000,0.458686,-2.745464,0.509288,-2.744607,0.451232,-2.743403,0.510818,-2.762750,0.453505,-2.738118,0.519868,-2.768652,0.483436,-2.766189,0.457612,-2.734972,0.489117,-2.737033,0.448790,-2.739627
2.290000,0.000000,0.394672,-2.695475,0.457878,-2.711740,0.269352,-2.664453,0.546680,-2.749230,0.488227,-2.739898,0.397955,-2.694542,0.469146,-2.731380,0.391715,-2.711632,0.513075,-2.757465,0.405599,-2.670573
2.300000,0.000000,0.301378,-2.669303,0.442670,-2.684049,0.441439,-2.711491,0.383030,-2.681380,0.313911,-2.644878,0.366135,-2.678950,0.446153,-2.696615,0.350548,-2.650836,0.437256,-2.648839,0.377208,-2.688303
2.310000,0.000000,0.267567,-2.647114,0.407699,-2.652203,0.266504,-2.607324,0.467952,-2.681597,0.405615,-2.628689,0.417752,-2.648513,0.364806,-2.651649,0.326731,-2.602539,0.401742,-2.649707,0.294103,-2.587836
2.320000,0.000000,0.274604,-2.606662,0.215305,-2.566157,0.239410,-2.604829,0.363270,-2.607216,0.398258,-2.618490,0.168338,-2.588639,0.348741,-2.642079,0.243723,-2.600694,0.207411,-2.590712,0.341162,-2.590430
2.330000,0.000000,0.343473,-2.577072,0.204666,-2.575467,0.302409,-2.592806,0.271636,-2.579492,0.393435,-2.611914,0.262071,-2.570421,0.309456,-2.586079,0.290799,-2.607400,0.288189,-2.600521,0.194759,-2.562500
2.340000,0.000000,0.258870,-2.551053,0.294244,-2.561957,0.213211,-2.541124,0.229959,-2.571636,0.286751,-2.555686,0.247879,-2.539963,0.170996,-2.536882,0.161095,-2.545237,0.298085,-2.568555,0.168696,-2.528461
2.350000,0.000000,0.262115,-2.532498,0.158849,-2.528299,0.151660,-2.496658,0.209120,-2.531944,0.087728,-2.530849,0.176617,-2.495464,0.118728,-2.484462,0.139789,-2.507422,0.161035,-2.509527,0.232715,-2.528548
2.360000,0.000000,0.012413,-2.463477,0.171007,-2.487782,0.072342,-2.496506,0.198736,-2.502246,0.125103,-2.488845,0.086122,-2.474371,0.226329,-2.477919,0.179194,-2.497797,0.216933,-2.517448,0.169699,-2.488487
2.370000,0.000000,0.181782,-2.475282,0.063883,-2.437088,0.178885,-2.487326,0.048872,-2.472765,0.108675,-2.457140,0.106613,-2.456098,0.039128,-2.457357,0.165441,-2.476671,0.123584,-2.484907,0.096224,-2.461654
2.380000,0.000000,0.057004,-2.457595,0.061513,-2.450076,0.122786,-2.449696,0.169971,-2.465755,0.108219,-2.447493,0.117947,-2.427181,0.176600,-2.441319,0.152094,-2.461632,0.049935,-2.446604,0.004194,-2.452344
2.390000,0.000000,0.109966,-2.406912,0.043283,-2.415245,0.077382,-2.422450,0.087126,-2.419086,0.112999,-2.416688,0.022624,-2.394944,0.147320,-2.439475,-0.043533,-2.427355,0.049674,-2.437359,0.052604,-2.390245
2.400000,0.000000,0.088764,-2.396701,0.086236,-2.402300,0.026747,-2.404579,0.002680,-2.397786,0.113102,-2.400553,0.127441,-2.405078,-0.065403,-2.425163,0.076025,-2.375684,0.068240,-2.401910,0.029232,-2.403223
2.410000,0.000000,0.039415,-2.357693,0.052989,-2.371083,0.042914,-2.364540,0.042139,-2.381836,0.018191,-2.373774,0.060547,-2.370942,0.080919,-2.370616,0.038205,-2.363173,0.000494,-2.366200,0.050255,-2.367339
2.420000,0.000000,-0.032254,-2.368576,0.009999,-2.340777,0.042198,-2.353516,0.068050,-2.379460,0.062820,-2.373557,0.066032,-2.351552,0.075521,-2.345258,0.006369,-2.343457,0.056906,-2.366070,0.033995,-2.344976
2.430000,0.000000,0.056820,-2.342980,0.062842,-2.358724,0.050130,-2.347613,0.057308,-2.335862,0.076329,-2.323394,0.010590,-2.328234,0.024479,-2.325391,0.038932,-2.346669,0.067898,-2.348416,0.025911,-2.338444
2.440000,0.000000,0.046115,-2.334266,0.081988,-2.308431,-0.019737,-2.325467,-0.042980,-2.326628,0.039594,-2.322276,-0.062646,-2.314594,0.093294,-2.307335,0.076801,-2.336534,0.038520,-2.315734,-0.036415,-2.301009
2.450000,0.000000,-0.009136,-2.290104,0.007308,-2.300336,0.088254,-2.331760,-0.020719,-2.315299,-0.006098,-2.311165,-0.006749,-2.290853,-0.013070,-2.304492,-0.009928,-2.316504,0.072222,-2.309755,0.045329,-2.283550
2.460000,0.000000,0.113791,-2.281337,0.002762,-2.287891,0.031424,-2.299913,-0.010932,-2.300043,-0.057134,-2.273763,-0.001009,-2.302431,-0.004503,-2.295736,-0.052393,-2.288455,-0.004937,-2.288075,-0.053841,-2.286415
2.470000,0.000000,0.060015,-2.264475,0.060162,-2.273828,0.017860,-2.278809,-0.005089,-2.248720,-0.017974,-2.259679,-0.033464,-2.252702,0.027192,-2.244672,0.015576,-2.245247,0.092714,-2.264138,-0.003423,-2.270671
2.480000,0.000000,0.008165,-2.247016,0.043218,-2.256250,-0.030170,-2.233626,0.023828,-2.239290,-0.011160,-2.251931,0.001237,-2.228863,-0.036382,-2.243934,0.040196,-2.251411,0.022423,-2.240549,0.037137,-2.226855
2.490000,0.000000,-0.008632,-2.238314,0.048709,-2.232292,0.001980,-2.230827,-0.060173,-2.241938,-0.023074,-2.227799,0.007221,-2.235330,0.038173,-2.245150,-0.032981,-2.217535,-0.041998,-2.234201,-0.002045,-2.215343
2.500000,0.000000,0.055930,-2.215506,0.009776,-2.221962,0.054357,-2.214008,0.027539,-2.213227,-0.040554,-2.220009,0.020795,-2.204188,0.004980,-2.223340,-0.030745,-2.223101,0.012603,-2.210655,-0.017437,-2.211795
2.510000,0.000000,0.069857,-2.199457,0.008447,-2.189160,0.025401,-2.193262,-0.002452,-2.207292,0.043826,-2.211892,0.005968,-2.188411,0.000754,-2.206022,-0.038618,-2.202181,0.038151,-2.222569,-0.000738,-2.203885
2.520000,0.000000,-0.038216,-2.185742,0.023090,-2.191797,-0.025217,-2.182878,-0.026042,-2.203559,-0.014969,-2.179112,-0.021935,-2.189952,-0.040430,-2.185015,-0.002051,-2.164399,-0.031017,-2.184744,0.001345,-2.162663
2.530000,0.000000,-0.028022,-2.174566,-0.018169,-2.184874,-0.000049,-2.163075,-0.006272,-2.180990,0.048416,-2.182042,0.022683,-2.168099,0.021246,-2.185536,0.005990,-2.181217,0.037619,-2.163704,0.013791,-2.168598
2.540000,0.000000,-0.010031,-2.145497,0.014475,-2.148513,0.013954,-2.161545,-0.000038,-2.175966,0.016048,-2.159125,-0.012337,-2.157433,-0.073513,-2.148980,-0.008870,-2.140940,0.033322,-2.146354,-0.033963,-2.139290
2.550000,0.000000,0.020709,-2.130328,0.008116,-2.139811,0.015267,-2.123036,-0.036263,-2.145226,0.004080,-2.137847,0.003570,-2.151031,-0.029964,-2.127355,0.054351,-2.115408,-0.034012,-2.157020,-0.049083,-2.124078
2.560000,0.000000,0.014893,-2.132856,0.008746,-2.123134,-0.018197,-2.134277,0.005344,-2.102496,-0.007872,-2.126096,-0.020133,-2.130534,-0.022548,-2.108724,-0.029118,-2.124685,-0.030496,-2.123850,0.000429,-2.134549
2.570000,0.000000,-0.005040,-2.108648,0.021918,-2.126161,-0.013276,-2.100564,-0.003743,-2.110080,0.000543,-2.101139,-0.015169,-2.126910,-0.021902,-2.103559,0.026481,-2.112771,-0.012489,-2.099327,-0.032151,-2.106098
2.580000,0.000000,-0.017090,-2.086339,0.009494,-2.108355,0.013835,-2.097732,-0.015229,-2.107454,0.024295,-2.101345,0.003955,-2.103038,0.037424,-2.092828,0.017079,-2.092329,0.003809,-2.106304,0.027615,-2.077474
2.590000,0.000000,0.020313,-2.083420,0.005724,-2.075770,-0.034776,-2.090343,-0.011702,-2.091732,0.005545,-2.082682,0.005122,-2.079905,0.003250,-2.093001,0.001519,-2.087554,0.001834,-2.090614,0.021186,-2.086003
2.600000,0.000000,-0.019916,-2.056901,-0.006109,-2.069260,0.026959,-2.085731,0.012071,-2.071918,0.037332,-2.071441,0.022108,-2.071289,-0.024940,-2.073828,-0.025326,-2.071951,-0.006955,-2.052181,0.034852,-2.060026
2.610000,0.000000,0.018121,-2.044065,0.017236,-2.057812,0.027127,-2.042372,-0.022027,-2.061664,-0.023351,-2.048145,-0.040907,-2.073329,-0.038894,-2.070508,-0.034413,-2.046712,-0.021191,-2.063791,-0.012158,-2.058822
2.620000,0.000000,0.001308,-2.034527,-0.017877,-2.037272,0.017057,-2.034494,-0.028418,-2.026921,0.032340,-2.044412,-0.023107,-2.033626,0.002827,-2.034093,-0.023372,-2.039160,-0.005762,-2.051649,0.015451,-2.054839
2.630000,0.000000,-0.004704,-2.045106,0.001031,-2.022754,-0.001720,-2.022125,-0.026253,-2.036024,-0.000250,-2.023329,0.003309,-2.020020,-0.020833,-2.029991,0.006586,-2.027865,-0.018853,-2.023850,-0.023882,-2.034852
2.640000,0.000000,-0.010265,-2.019575,0.011784,-2.016764,-0.002067,-2.021452,0.001465,-2.031261,0.009397,-2.002832,0.006190,-2.021766,-0.000309,-2.008084,-0.006944,-2.041645,-0.022922,-2.008529,-0.020150,-2.030805
2.650000,0.000000,0.002523,-2.015647,0.036985,-2.007292,-0.022363,-2.004319,0.001600,-2.021549,0.032845,-2.015451,-0.025152,-1.999284,0.033301,-2.018641,0.013932,-2.000445,-0.012674,-2.001682,0.004617,-2.000000
2.660000,0.000000,-0.020687,-1.999013,0.020448,-1.995736,0.004167,-1.980154,0.017133,-1.997504,0.006152,-1.976085,0.017622,-1.985438,0.002181,-1.998199,0.001421,-1.996398,-0.005794,-1.992969,-0.008594,-1.989486
2.670000,0.000000,-0.009793,-1.974110,-0.003369,-1.976845,0.021262,-1.975076,-0.021734,-1.991569,-0.005398,-1.987381,-0.004069,-1.978602,-0.024121,-1.966352,-0.003451,-1.981185,0.004329,-1.980859,0.017855,-1.977691
2.680000,0.000000,-0.021528,-1.965234,-0.011377,-1.973579,-0.044607,-1.978852,-0.020806,-1.988726,0.004753,-1.966471,-0.033469,-1.961079,0.005545,-1.971897,-0.017990,-1.977192,-0.008333,-1.967849,-0.013026,-1.964692
2.690000,0.000000,-0.001883,-1.959125,-0.018967,-1.958322,-0.016423,-1.953581,0.008116,-1.952289,-0.010189,-1.934234,-0.016357,-1.963303,0.007189,-1.951465,-0.010010,-1.966895,0.000429,-1.935753,0.009983,-1.949034
2.700000,0.000000,0.005854,-1.945768,0.007221,-1.952062,-0.016124,-1.956109,0.003234,-1.960927,-0.011849,-1.958160,0.007503,-1.936892,0.012202,-1.952658,0.005122,-1.951280,-0.019081,-1.944423,0.008502,-1.938976
2.710000,0.000000,0.014263,-1.937240,-0.006261,-1.936306,-0.008876,-1.938726,0.008398,-1.930794,0.003120,-1.930360,0.037044,-1.925043,0.002355,-1.933952,-0.007351,-1.932563,-0.021219,-1.942394,0.012180,-1.932617
2.720000,0.000000,-0.018419,-1.927919,-0.017920,-1.923275,0.016770,-1.922613,0.010276,-1.930122,-0.019108,-1.934776,-0.000765,-1.929449,-0.005230,-1.904015,-0.028510,-1.936122,0.002962,-1.935927,0.014073,-1.929243
2.730000,0.000000,-0.014974,-1.916265,0.008485,-1.899957,0.001855,-1.912229,-0.006396,-1.901899,0.023828,-1.903440,0.014844,-1.912750,0.012826,-1.928570,0.025119,-1.923427,-0.008312,-1.908637,-0.028103,-1.906727
2.740000,0.000000,0.009988,-1.889334,0.015598,-1.912587,0.002582,-1.913835,0.013444,-1.901714,0.008192,-1.901714,0.001742,-1.909787,0.002414,-1.898275,-0.012842,-1.894076,-0.015988,-1.908637,0.001839,-1.906348
2.750000,0.000000,-0.010948,-1.897146,0.002762,-1.869217,-0.008160,-1.901378,0.011030,-1.867133,0.005610,-1.871842,0.009966,-1.890061,0.015690,-1.887739,0.013590,-1.882791,0.017990,-1.890299,-0.021875,-1.896430
2.760000,0.000000,-0.002002,-1.871441,-0.018359,-1.881055,0.004818,-1.890961,0.003928,-1.889366,-0.006581,-1.891775,-0.004351,-1.886350,-0.010004,-1.881250,-0.005556,-1.880979,0.002469,-1.891504,-0.002968,-1.868490
2.770000,0.000000,-0.000494,-1.878917,-0.000765,-1.863694,-0.015815,-1.863650,0.002789,-1.869748,-0.002414,-1.866602,-0.017779,-1.874946,-0.001411,-1.871408,-0.003434,-1.886165,-0.000380,-1.858670,-0.034136,-1.855512
2.780000,0.000000,0.002843,-1.858008,-0.017508,-1.848796,0.002604,-1.862305,-0.010764,-1.853819,0.003434,-1.863770,-0.026861,-1.855490,-0.005843,-1.863140,0.014752,-1.864833,-0.005490,-1.857010,0.015885,-1.860417
2.790000,0.000000,-0.014014,-1.834169,0.012061,-1.853385,-0.015533,-1.838531,0.006125,-1.858529,0.004167,-1.843739,0.001373,-1.848036,0.007210,-1.850293,-0.023579,-1.843934,0.003299,-1.853526,0.015234,-1.874577
2.800000,0.000000,-0.006337,-1.834397,-0.004644,-1.827615,0.005707,-1.834169,-0.001921,-1.839160,-0.009896,-1.842263,0.012126,-1.844227,0.011887,-1.817795,0.000022,-1.836426,-0.001514,-1.828342,0.007172,-1.842665
2.810000,0.000000,-0.009223,-1.815158,0.013580,-1.812229,0.007520,-1.829666,0.009185,-1.827626,-0.010910,-1.833355,0.004291,-1.812543,-0.003488,-1.841851,0.003082,-1.821745,-0.019786,-1.832802,0.013319,-1.823524
2.820000,0.000000,-0.012663,-1.801617,0.012288,-1.813585,-0.014421,-1.826324,0.000770,-1.827984,-0.000385,-1.827463,-0.011062,-1.808637,-0.012310,-1.816406,0.009364,-1.804167,-0.005968,-1.818566,0.004389,-1.818446
2.830000,0.000000,-0.000152,-1.806141,0.023318,-1.811773,-0.002181,-1.803559,0.006787,-1.793902,-0.008588,-1.801248,0.001367,-1.800217,0.002686,-1.802040,0.007449,-1.799099,0.014507,-1.807444,0.003130,-1.815614
2.840000,0.000000,0.003380,-1.791764,0.008171,-1.784234,-0.013699,-1.807270,0.002501,-1.806912,-0.011214,-1.789768,0.010965,-1.798459,0.006245,-1.784559,-0.012652,-1.798730,-0.003543,-1.800618,-0.005914,-1.801769
2.850000,0.000000,0.000499,-1.787663,-0.003168,-1.781250,-0.001926,-1.788433,0.016547,-1.793110,0.012788,-1.802181,-0.010167,-1.786263,-0.007151,-1.798188,0.007465,-1.790061,0.004872,-1.793707,0.002018,-1.774251
2.860000,0.000000,0.001720,-1.788401,0.012701,-1.778895,-0.007292,-1.787956,0.006109,-1.778244,0.000922,-1.786068,-0.004378,-1.788194,0.002756,-1.791970,0.008143,-1.775836,-0.004834,-1.790842,0.016450,-1.781228
2.870000,0.000000,-0.022418,-1.777734,-0.000857,-1.761393,0.006369,-1.755143,-0.018500,-1.773817,0.012294,-1.768056,-0.003988,-1.772645,-0.008181,-1.765679,0.002995,-1.781988,-0.013645,-1.770443,0.006364,-1.772320
2.880000,0.000000,0.012126,-1.765560,-0.012722,-1.774284,-0.004650,-1.750662,-0.010021,-1.758724,-0.016260,-1.765766,0.010927,-1.743262,0.011941,-1.748492,-0.009722,-1.767003,0.010617,-1.747862,0.000873,-1.754427
2.890000,0.000000,-0.009668,-1.760840,-0.001009,-1.743934,0.011534,-1.743045,0.013455,-1.750401,-0.003027,-1.762793,0.005941,-1.753451,0.006700,-1.762326,0.008290,-1.755859,0.004004,-1.747407,0.003624,-1.755425
2.900000,0.000000,-0.002561,-1.748296,0.008740,-1.740419,0.000662,-1.734831,-0.005990,-1.739898,-0.005881,-1.740788,-0.001769,-1.754612,-0.007091,-1.753212,-0.002653,-1.752897,0.008089,-1.730675,0.018799,-1.756977
2.910000,0.000000,-0.008735,-1.735590,0.001156,-1.741222,-0.002767,-1.744640,0.003743,-1.730556,0.001487,-1.742480,0.003510,-1.743620,-0.000819,-1.726942,0.009934,-1.750553,-0.000808,-1.735330,0.004552,-1.751823
2.920000,0.000000,-0.002886,-1.723275,0.013086,-1.740679,-0.002631,-1.730566,0.000494,-1.734733,0.002035,-1.695779,0.009918,-1.714269,0.019493,-1.734006,0.022331,-1.728168,0.007709,-1.721712,-0.001997,-1.729698
2.930000,0.000000,0.024013,-1.712684,-0.004172,-1.694293,-0.002642,-1.698394,-0.004590,-1.694151,0.004367,-1.695649,0.000689,-1.705273,-0.001221,-1.681651,0.007145,-1.699989,-0.002176,-1.697917,0.001747,-1.705588
2.940000,0.000000,0.004525,-1.707823,0.007118,-1.711947,0.014296,-1.709342,0.011453,-1.716547,-0.000304,-1.712240,0.004215,-1.713683,-0.002686,-1.711013,0.002799,-1.719651,-0.006044,-1.708008,0.000195,-1.711643
2.950000,0.000000,0.005876,-1.690647,-0.014236,-1.704709,-0.001063,-1.700499,-0.013770,-1.693869,0.001400,-1.701541,0.007151,-1.708963,0.006510,-1.708073,-0.005078,-1.696484,0.001373,-1.698416,-0.000260,-1.711599
2.960000,0.000000,0.018506,-1.679329,-0.002740,-1.688314,0.006353,-1.696908,0.007650,-1.697754,0.003971,-1.691363,-0.004579,-1.693034,0.007661,-1.692773,-0.009836,-1.694097,-0.004839,-1.690809,-0.003266,-1.702539
2.970000,0.000000,-0.009576,-1.698079,-0.000987,-1.677094,0.006999,-1.678863,0.006418,-1.681619,0.000103,-1.683431,0.001183,-1.673655,-0.010661,-1.684961,0.007010,-1.683887,-0.000043,-1.682498,-0.013026,-1.693349
2.980000,0.000000,-0.013590,-1.677083,-0.001259,-1.672624,0.005626,-1.681304,-0.015549,-1.677951,0.004704,-1.672135,-0.004129,-1.671322,0.001839,-1.668012,-0.003733,-1.682954,0.000385,-1.671191,-0.006266,-1.670237
2.990000,0.000000,-0.004622,-1.673101,-0.007818,-1.663097,-0.009923,-1.671821,-0.005876,-1.668294,-0.000168,-1.671105,-0.000293,-1.665875,0.011719,-1.670714,-0.006418,-1.677517,-0.003071,-1.676682,0.004639,-1.672439
3.000000,0.000000,0.004514,-1.654460,-0.009017,-1.656185,0.001769,-1.645671,0.003044,-1.669944,0.003293,-1.661784,0.006451,-1.667502,0.005892,-1.667567,-0.011220,-1.666558,0.013987,-1.665267,-0.012695,-1.671604
3.010000,0.000000,-0.007427,-1.656434,0.000792,-1.666385,0.001877,-1.626454,0.007709,-1.640983,-0.005642,-1.652355,0.003966,-1.656565,0.002696,-1.654774,-0.007460,-1.667839,-0.001622,-1.664811,-0.007753,-1.657346
3.020000,0.000000,-0.010726,-1.646886,0.001676,-1.653407,-0.002534,-1.646181,0.007129,-1.640647,0.003592,-1.657737,-0.004839,-1.654470,-0.011225,-1.652214,-0.002767,-1.640321,-0.002317,-1.648307,-0.001101,-1.649566
3.030000,0.000000,0.000271,-1.642437,-0.013308,-1.635265,-0.003201,-1.637033,0.020112,-1.638628,0.012717,-1.637229,0.008078,-1.636827,0.003331,-1.637272,-0.002642,-1.636100,0.010639,-1.637370,0.009690,-1.643132
3.040000,0.000000,0.001508,-1.626465,-0.000960,-1.626541,-0.008165,-1.633995,-0.001166,-1.626183,-0.002827,-1.630697,0.001980,-1.648741,-0.007682,-1.623741,0.001991,-1.627691,0.015804,-1.634006,-0.002756,-1.623730
3.050000,0.000000,-0.003592,-1.631207,-0.003234,-1.621571,0.005914,-1.617969,-0.014171,-1.620486,-0.005013,-1.627051,-0.008550,-1.625510,-0.001964,-1.625694,0.003185,-1.636697,0.012657,-1.608474,-0.009424,-1.621311
3.060000,0.000000,0.008008,-1.621918,-0.007178,-1.609429,0.006624,-1.627658,-0.006147,-1.612695,-0.003982,-1.620866,0.005040,-1.619705,0.010346,-1.615961,0.002284,-1.618511,-0.010438,-1.616005,0.000445,-1.617198
3.070000,0.000000,-0.001687,-1.605599,-0.007102,-1.609462,-0.001383,-1.612934,-0.005480,-1.616623,0.000987,-1.613444,0.009033,-1.597331,0.003407,-1.592546,-0.005143,-1.619672,-0.005339,-1.602289,0.003065,-1.617578
3.080000,0.000000,-0.006613,-1.601942,-0.001780,-1.597765,0.004291,-1.590007,-0.004725,-1.590224,0.004780,-1.592828,0.003733,-1.596712,-0.013699,-1.603266,-0.000765,-1.609538,-0.001514,-1.594510,0.009256,-1.599685
3.090000,0.000000,-0.007292,-1.588759,0.005691,-1.571105,0.001731,-1.594108,-0.002289,-1.573123,0.004145,-1.582661,-0.015793,-1.584918,0.003716,-1.593924,-0.009321,-1.583236,-0.001004,-1.584549,0.003792,-1.594206
3.100000,0.000000,-0.002930,-1.586697,0.001210,-1.574501,-0.010400,-1.596593,-0.001676,-1.591732,-0.001877,-1.595041,0.000461,-1.587316,-0.009424,-1.582888,0.001774,-1.588672,0.003684,-1.583670,-0.009223,-1.592122
3.110000,0.000000,0.000608,-1.573709,-0.001118,-1.568913,-0.002892,-1.584711,-0.006939,-1.573785,0.000353,-1.582194,-0.001915,-1.554785,-0.001058,-1.578071,-0.003467,-1.575629,0.003396,-1.584169,-0.000960,-1.575803
3.120000,0.000000,0.009256,-1.582357,-0.002393,-1.570150,0.002100,-1.561947,-0.005404,-1.579601,0.001557,-1.582096,-0.001769,-1.569607,-0.002024,-1.582444,-0.000282,-1.577398,-0.002420,-1.568967,0.004606,-1.581521
3.130000,0.000000,0.005170,-1.568566,0.000700,-1.571181,0.000450,-1.570128,0.001942,-1.571875,-0.003429,-1.556532,0.001487,-1.573210,-0.007894,-1.568815,0.005138,-1.546246,0.006836,-1.564594,0.003988,-1.572266
3.140000,0.000000,-0.006011,-1.570486,-0.004129,-1.561491,0.004226,-1.550152,-0.003065,-1.568685,0.009977,-1.556662,-0.007948,-1.538553,0.006684,-1.554655,-0.006863,-1.551313,0.007682,-1.558800,0.001378,-1.546994
3.150000,0.000000,0.001291,-1.561979,0.000445,-1.559299,0.003402,-1.563260,-0.009261,-1.548188,0.001345,-1.544141,0.000071,-1.548090,-0.008686,-1.549620,0.008491,-1.551888,0.008691,-1.556087,-0.006044,-1.547732
3.160000,0.000000,-0.003244,-1.542372,-0.003271,-1.535015,-0.005420,-1.542763,-0.001953,-1.551259,0.000787,-1.539073,-0.005751,-1.546908,0.008990,-1.546484,0.003065,-1.556673,0.005409,-1.539431,0.007606,-1.554253
3.170000,0.000000,-0.002398,-1.547396,0.008127,-1.516612,-0.003244,-1.508474,0.001812,-1.521495,-0.005203,-1.510590,0.011686,-1.527550,-0.005572,-1.517654,-0.001541,-1.514985,0.003505,-1.526432,0.006885,-1.517828
3.180000,0.000000,-0.001047,-1.523893,-0.006993,-1.511480,-0.004465,-1.524978,-0.000141,-1.521007,0.001514,-1.496842,-0.005344,-1.517524,-0.001297,-1.526617,0.008724,-1.516081,-0.000461,-1.519401,0.000830,-1.521929
3.190000,0.000000,0.012527,-1.504872,0.006673,-1.512695,0.010764,-1.509321,-0.007042,-1.520866,-0.000065,-1.500825,-0.002886,-1.501324,-0.000618,-1.509907,0.005279,-1.500000,-0.002333,-1.509983,0.007916,-1.502387
3.200000,0.000000,0.005420,-1.497374,-0.000673,-1.496181,-0.004091,-1.494683,0.005637,-1.512565,-0.003602,-1.505924,0.000217,-1.497233,0.005263,-1.518826,0.004340,-1.513118,0.001655,-1.491721,0.002154,-1.500195
3.210000,0.000000,-0.006093,-1.495454,0.001850,-1.508887,0.006250,-1.500163,-0.003206,-1.500629,-0.002572,-1.491981,0.000944,-1.482780,0.005051,-1.498177,0.004047,-1.493045,0.008485,-1.484863,0.012706,-1.497580
3.220000,0.000000,0.005490,-1.478092,-0.001530,-1.497906,0.003277,-1.497493,-0.001725,-1.479601,0.007709,-1.495313,0.002078,-1.488010,0.003760,-1.502539,-0.004275,-1.481706,-0.009728,-1.487272,0.000960,-1.476790
3.230000,0.000000,0.004102,-1.490419,-0.001714,-1.498123,-0.007286,-1.478537,-0.005528,-1.497331,0.000526,-1.490777,-0.002051,-1.484950,0.005409,-1.482107,0.004568,-1.484570,-0.004422,-1.489497,0.007487,-1.482737
3.240000,0.000000,0.006651,-1.486599,-0.002924,-1.464475,-0.003564,-1.477365,0.007248,-1.486350,0.008979,-1.478809,0.005545,-1.481120,0.007189,-1.482227,-0.009402,-1.484484,0.005979,-1.485471,-0.000445,-1.484863
3.250000,0.000000,0.000499,-1.467101,0.002523,-1.476096,-0.000570,-1.478830,-0.002734,-1.464594,-0.002539,-1.470009,-0.002127,-1.476280,0.003765,-1.489117,0.001123,-1.462391,-0.000993,-1.476291,0.006272,-1.471669
3.260000,0.000000,0.001817,-1.474967,0.008724,-1.473720,-0.005187,-1.474436,-0.004324,-1.464214,-0.001074,-1.486795,-0.008035,-1.491688,0.005496,-1.482281,0.003803,-1.486654,-0.011138,-1.489355,0.003711,-1.474848
3.270000,0.000000,0.002045,-1.477908,0.000526,-1.485417,-0.000146,-1.473264,0.000944,-1.468500,-0.001926,-1.486849,-0.001622,-1.466385,-0.002783,-1.463314,-0.003022,-1.475174,-0.003380,-1.461643,-0.004064,-1.477669
3.280000,0.000000,0.005490,-1.463835,-0.011323,-1.472038,0.005767,-1.475532,0.002517,-1.457671,-0.002555,-1.457064,0.009809,-1.472689,-0.006407,-1.465354,-0.001872,-1.459191,-0.012630,-1.471408,0.005333,-1.464876
3.290000,0.000000,-0.003771,-1.450499,-0.010086,-1.471267,0.000868,-1.471322,-0.009728,-1.454991,0.004948,-1.447125,0.005322,-1.454264,0.000277,-1.450174,0.009500,-1.440397,0.001633,-1.456966,-0.011068,-1.448003
3.300000,0.000000,-0.004389,-1.450163,-0.007769,-1.457411,-0.008236,-1.458301,0.007292,-1.459646,0.007422,-1.454210,0.002566,-1.464757,-0.003461,-1.441775,-0.006500,-1.455686,0.005219,-1.465961,0.007514,-1.461426
3.310000,0.000000,-0.006912,-1.446419,-0.001861,-1.452452,-0.015245,-1.456608,-0.002214,-1.446799,-0.000136,-1.440592,0.008941,-1.442036,0.008398,-1.438835,-0.007541,-1.453364,0.001199,-1.438650,0.000510,-1.449034
3.320000,0.000000,-0.004780,-1.436187,-0.000911,-1.443804,0.000190,-1.425065,0.008322,-1.438780,0.000168,-1.435308,-0.005311,-1.433474,0.002138,-1.435807,-0.008127,-1.445801,-0.000792,-1.443240,0.005691,-1.439128
3.330000,0.000000,-0.000890,-1.443978,-0.004449,-1.437033,-0.001280,-1.439388,-0.001264,-1.436046,0.001671,-1.418240,-0.003950,-1.421832,-0.003364,-1.439996,0.000694,-1.445291,0.001107,-1.449089,-0.012250,-1.448047
3.340000,0.000000,-0.000277,-1.438694,-0.008426,-1.424240,0.002745,-1.437326,0.004134,-1.433225,0.008198,-1.429340,0.002794,-1.420182,-0.003076,-1.432335,-0.002669,-1.428635,0.008442,-1.447548,0.002854,-1.442622
3.350000,0.000000,-0.002094,-1.435786,-0.007129,-1.423730,-0.005442,-1.423427,-0.007536,-1.418674,0.003364,-1.419911,-0.004769,-1.422917,0.004319,-1.410710,-0.000363,-1.422873,-0.000222,-1.416895,0.004536,-1.429731
3.360000,0.000000,-0.005452,-1.419043,0.005632,-1.411708,-0.001655,-1.429134,0.007270,-1.405588,-0.005485,-1.415516,0.000586,-1.433409,-0.006342,-1.417220,0.005935,-1.421810,0.005762,-1.431955,0.004237,-1.425152
3.370000,0.000000,0.001584,-1.410818,0.002669,-1.428581,-0.009283,-1.401541,0.007465,-1.415831,0.004487,-1.424284,-0.006803,-1.418457,-0.000277,-1.416374,0.007628,-1.413943,-0.005447,-1.413954,-0.001742,-1.417763
3.380000,0.000000,0.007313,-1.416222,-0.000694,-1.414366,0.005924,-1.417220,0.001508,-1.419184,0.003158,-1.409863,-0.000803,-1.408388,-0.008469,-1.409766,-0.000895,-1.407075,-0.000472,-1.401248,-0.006071,-1.419575
3.390000,0.000000,0.003765,-1.399761,0.003776,-1.414030,-0.003402,-1.395616,-0.008637,-1.392274,-0.000949,-1.408344,-0.003103,-1.395226,0.000684,-1.392350,0.000760,-1.392969,0.000711,-1.392828,0.000922,-1.403158
3.400000,0.000000,-0.002371,-1.391884,-0.003179,-1.391547,-0.010395,-1.395475,0.003060,-1.399566,0.001156,-1.395888,0.000825,-1.399967,-0.001503,-1.401736,0.005914,-1.396549,0.001530,-1.385796,-0.004058,-1.402507
3.410000,0.000000,0.003570,-1.378917,0.001535,-1.385764,0.000526,-1.387999,-0.004400,-1.397428,-0.001042,-1.376606,-0.004693,-1.394759,0.002903,-1.393620,-0.006136,-1.399164,-0.006906,-1.403168,-0.009543,-1.397602
3.420000,0.000000,-0.000765,-1.379894,0.001183,-1.397862,-0.002355,-1.396050,0.006820,-1.391124,0.000982,-1.388596,-0.002338,-1.390723,-0.006847,-1.392318,0.000814,-1.394900,0.007053,-1.394444,-0.000738,-1.381174
3.430000,0.000000,0.003255,-1.385699,-0.003396,-1.382585,0.000825,-1.382943,-0.002544,-1.378754,0.001807,-1.388607,0.001497,-1.377311,-0.003234,-1.391862,-0.000808,-1.391146,-0.001432,-1.399750,-0.000391,-1.392339
3.440000,0.000000,-0.008111,-1.372450,-0.003961,-1.380588,0.001595,-1.389399,0.007731,-1.377875,-0.000407,-1.381239,-0.007916,-1.376465,-0.002393,-1.373470,-0.003646,-1.373850,0.000944,-1.369976,0.003548,-1.376139
3.450000,0.000000,0.001080,-1.363520,0.005122,-1.380371,-0.005143,-1.369813,-0.002892,-1.373459,-0.007617,-1.381586,0.008816,-1.372092,-0.005859,-1.371495,-0.000711,-1.370551,-0.006331,-1.370660,-0.000190,-1.379026
3.460000,0.000000,-0.003814,-1.380208,0.001877,-1.375445,0.011686,-1.368110,0.000873,-1.363867,0.007026,-1.360569,-0.001709,-1.367318,0.002762,-1.365267,0.001123,-1.376975,-0.002631,-1.365668,-0.001915,-1.358105
3.470000,0.000000,0.008691,-1.377897,-0.000005,-1.362467,-0.005941,-1.366309,-0.006608,-1.355903,0.000260,-1.359690,0.001443,-1.366026,-0.000656,-1.357888,0.003608,-1.359353,-0.002664,-1.362185,-0.003364,-1.357476
3.480000,0.000000,-0.001318,-1.365766,-0.003966,-1.361491,-0.001085,-1.371039,0.000673,-1.355284,0.001139,-1.367274,-0.000971,-1.354481,0.001015,-1.353516,-0.002072,-1.363368,0.007107,-1.363596,0.000119,-1.360417
3.490000,0.000000,0.000570,-1.356304,0.002387,-1.350456,-0.003564,-1.357964,0.001232,-1.347244,-0.007899,-1.351747,0.001693,-1.357270,0.009424,-1.355273,0.003803,-1.351194,-0.006028,-1.367622,0.003407,-1.351335
3.500000,0.000000,0.002821,-1.337760,-0.005480,-1.345432,0.002425,-1.352713,0.002680,-1.342600,0.010997,-1.353494,-0.011035,-1.356424,0.002062,-1.355165,-0.001128,-1.359440,0.000309,-1.348101,-0.003613,-1.350282
3.510000,0.000000,0.006624,-1.355393,0.004183,-1.345432,0.006321,-1.340506,0.004877,-1.347917,0.000136,-1.336024,-0.001487,-1.348872,0.001817,-1.348492,-0.000212,-1.334625,-0.003000,-1.343728,-0.002262,-1.336133
3.520000,0.000000,0.004801,-1.336892,-0.004666,-1.327224,0.008192,-1.356825,0.004888,-1.340061,0.001937,-1.343110,0.002696,-1.343869,-0.000798,-1.331923,0.003130,-1.344217,0.004959,-1.341895,-0.000814,-1.337858
3.530000,0.000000,0.003689,-1.343175,0.002056,-1.337511,-0.004107,-1.333160,-0.003874,-1.334353,-0.003266,-1.335753,-0.000754,-1.337250,-0.001286,-1.333431,0.005990,-1.339106,-0.000184,-1.337717,-0.001839,-1.321311
3.540000,0.000000,0.002257,-1.319010,0.008203,-1.332107,0.004807,-1.329080,-0.005924,-1.330187,0.007031,-1.327431,-0.002007,-1.315809,0.005659,-1.314106,0.004281,-1.332704,-0.002707,-1.334093,-0.008713,-1.326649
3.550000,0.000000,-0.007058,-1.321691,-0.001335,-1.321658,-0.004568,-1.316580,0.003988,-1.320117,0.009174,-1.329384,0.002355,-1.325109,0.001481,-1.320985,0.005664,-1.315918,0.001921,-1.306207,-0.002816,-1.325011
3.560000,0.000000,0.010205,-1.318880,-0.000233,-1.328906,0.001291,-1.309679,0.004367,-1.321821,-0.004579,-1.312533,-0.004259,-1.315451,-0.000298,-1.308691,-0.004042,-1.314789,-0.001698,-1.320768,0.000987,-1.314236
3.570000,0.000000,-0.000770,-1.321582,-0.000488,-1.308832,-0.005360,-1.315028,0.004617,-1.307346,0.003152,-1.326942,0.000754,-1.316515,0.001150,-1.315961,-0.005132,-1.312945,-0.002550,-1.315734,0.001405,-1.301747
3.580000,0.000000,0.004698,-1.306196,-0.001194,-1.318338,0.004264,-1.311654,0.004812,-1.318424,-0.003098,-1.316048,-0.002957,-1.318066,0.001454,-1.314236,0.003879,-1.310645,0.001785,-1.300564,0.001698,-1.304677
3.590000,0.000000,-0.003413,-1.312153,-0.010948,-1.312457,0.007221,-1.307780,-0.000673,-1.293522,0.000391,-1.296745,0.000689,-1.299566,-0.001541,-1.311013,0.000277,-1.310894,-0.002610,-1.291157,0.004286,-1.317665
3.600000,0.000000,-0.001503,-1.289952,0.006006,-1.300380,-0.002523,-1.289952,0.002507,-1.310037,0.007145,-1.304579,-0.004519,-1.309071,0.001134,-1.301953,-0.001600,-1.309657,0.000646,-1.306359,-0.003271,-1.311415
3.610000,0.000000,0.003803,-1.302745,-0.003402,-1.292730,-0.000602,-1.291243,0.002762,-1.301649,-0.002778,-1.294640,-0.000260,-1.297439,0.008887,-1.292622,0.002186,-1.306510,-0.004015,-1.288531,0.006782,-1.288921
3.620000,0.000000,-0.002273,-1.289594,0.001492,-1.294564,-0.001139,-1.296701,-0.003895,-1.301150,-0.001752,-1.298557,-0.001123,-1.288965,-0.005018,-1.305523,0.004948,-1.297602,-0.005735,-1.301313,0.000260,-1.291146
3.630000,0.000000,0.002718,-1.287511,0.002306,-1.282671,0.001731,-1.289301,0.001861,-1.290191,-0.003098,-1.294097,-0.003353,-1.303971,-0.007048,-1.290809,-0.005208,-1.287283,-0.006201,-1.271549,0.005914,-1.290245
3.640000,0.000000,-0.007541,-1.287012,0.001492,-1.288715,-0.004237,-1.280740,-0.004612,-1.289214,0.004091,-1.277007,-0.004395,-1.275499,0.000987,-1.292969,-0.001259,-1.280414,0.000939,-1.267014,-0.001633,-1.283974
3.650000,0.000000,-0.000819,-1.283464,0.000412,-1.281868,0.003651,-1.281662,0.003347,-1.291070,-0.000098,-1.283702,0.004373,-1.283561,0.003673,-1.271105,-0.001801,-1.280859,-0.006798,-1.284212,-0.000239,-1.285460
3.660000,0.000000,-0.003391,-1.274208,0.000537,-1.275543,0.005979,-1.291461,-0.010064,-1.283822,-0.004275,-1.284701,0.004720,-1.277778,0.002789,-1.279872,-0.002192,-1.279449,-0.003499,-1.278602,0.004438,-1.268793
3.670000,0.000000,-0.000933,-1.273872,-0.004400,-1.274414,-0.002979,-1.274902,-0.002979,-1.255480,0.002062,-1.273655,-0.003120,-1.276389,-0.007579,-1.253733,0.003380,-1.275532,0.003722,-1.276888,0.004058,-1.271159
3.680000,0.000000,0.000233,-1.274230,0.003092,-1.258865,0.000049,-1.257259,0.001541,-1.271018,0.004438,-1.276432,0.003700,-1.260981,-0.008176,-1.264714,-0.008485,-1.270931,-0.002935,-1.269564,-0.004926,-1.273969
3.690000,0.000000,-0.001676,-1.266157,0.001812,-1.264366,-0.001682,-1.257400,-0.000114,-1.271875,0.007037,-1.267057,-0.002501,-1.266417,0.002745,-1.274382,0.001411,-1.258626,0.004362,-1.256272,0.002409,-1.266536
3.700000,0.000000,0.004134,-1.261502,0.008442,-1.254970,0.004253,-1.262956,-0.003830,-1.248611,-0.000163,-1.255132,0.005892,-1.253071,0.000363,-1.261274,-0.001698,-1.270703,-0.000043,-1.261675,0.003467,-1.257954
3.710000,0.000000,0.002371,-1.248958,0.003277,-1.261480,-0.004384,-1.247569,0.005561,-1.256706,0.005295,-1.247070,-0.001020,-1.254416,-0.003044,-1.259266,0.005849,-1.246191,-0.001177,-1.254047,0.004058,-1.254340
3.720000,0.000000,0.004362,-1.248362,0.002523,-1.248166,0.001595,-1.238531,-0.000168,-1.255078,0.003358,-1.253993,0.000884,-1.257053,-0.002946,-1.264084,0.001270,-1.254774,0.002431,-1.257628,0.006049,-1.241113
3.730000,0.000000,0.001535,-1.240918,0.003711,-1.244575,0.005751,-1.253917,-0.003044,-1.244477,0.007861,-1.248741,-0.000825,-1.249023,-0.001644,-1.250423,-0.000798,-1.261209,-0.000754,-1.239475,-0.002013,-1.253136
3.740000,0.000000,-0.001953,-1.247938,-0.000727,-1.234093,0.003429,-1.244347,0.005908,-1.235460,-0.004281,-1.240614,-0.000326,-1.239952,0.001915,-1.232552,-0.001904,-1.246756,-0.001204,-1.234429,0.000982,-1.240202
3.750000,0.000000,-0.003261,-1.233930,0.002409,-1.247711,-0.005404,-1.232324,0.004867,-1.243262,0.000179,-1.240658,0.002376,-1.250825,0.001036,-1.240082,0.003847,-1.237001,-0.000532,-1.236892,0.008464,-1.240256
3.760000,0.000000,-0.003358,-1.219857,0.001090,-1.216146,-0.000233,-1.216949,-0.001036,-1.223307,-0.000499,-1.217415,-0.005160,-1.221322,-0.001644,-1.220768,0.000195,-1.220996,0.004796,-1.219032,0.001508,-1.214952
3.770000,0.000000,-0.001362,-1.225987,0.006868,-1.233561,0.002496,-1.223557,0.001454,-1.223112,0.000184,-1.221311,-0.001345,-1.225130,-0.000260,-1.232411,0.004470,-1.220833,-0.000477,-1.218088,0.005067,-1.238368
3.780000,0.000000,0.000618,-1.231814,-0.002387,-1.215972,-0.001606,-1.222038,0.002062,-1.222450,-0.001411,-1.227333,0.000656,-1.221864,-0.001893,-1.233377,-0.001015,-1.218750,-0.003771,-1.227875,-0.005181,-1.226096
3.790000,0.000000,0.001769,-1.232650,0.005387,-1.223720,-0.003613,-1.232335,0.000125,-1.222949,-0.001948,-1.219282,0.000374,-1.219423,-0.006651,-1.222515,-0.008512,-1.212598,-0.006684,-1.235840,0.001931,-1.222765
3.800000,0.000000,0.000819,-1.213194,0.006185,-1.220714,-0.001438,-1.209711,-0.001085,-1.224891,0.000846,-1.210883,-0.002094,-1.213921,-0.000738,-1.211773,0.005317,-1.226693,0.000846,-1.216092,-0.000526,-1.208496
3.810000,0.000000,0.005252,-1.212576,-0.002365,-1.216569,-0.005219,-1.212055,0.006798,-1.211133,0.003923,-1.224588,0.002024,-1.201356,-0.000374,-1.215256,0.004552,-1.219813,-0.002501,-1.218902,0.000488,-1.208409
3.820000,0.000000,-0.004416,-1.215940,0.002539,-1.206727,-0.005105,-1.189931,0.003082,-1.196246,-0.002246,-1.203082,0.000429,-1.216536,-0.004552,-1.197135,0.000722,-1.191721,-0.003570,-1.204503,0.003261,-1.211296
3.830000,0.000000,0.001535,-1.217057,-0.002555,-1.207107,-0.001600,-1.204601,0.001508,-1.203559,-0.005501,-1.206120,0.007058,-1.220714,0.005263,-1.202810,-0.002181,-1.208030,-0.002257,-1.205056,0.002197,-1.205849
3.840000,0.000000,0.000266,-1.202539,0.001899,-1.203234,0.004281,-1.210655,0.001118,-1.196918,-0.004422,-1.192969,0.003906,-1.206055,-0.001644,-1.206510,-0.000168,-1.184907,-0.002192,-1.198025,0.004253,-1.187891
3.850000,0.000000,0.000456,-1.217546,0.003396,-1.204091,-0.000288,-1.207639,0.004183,-1.199881,0.005073,-1.193403,0.000629,-1.197993,-0.004346,-1.202409,-0.007400,-1.205089,-0.004487,-1.203830,-0.001215,-1.200456
3.860000,0.000000,-0.003255,-1.201801,-0.001622,-1.205230,0.000043,-1.202051,0.003977,-1.201172,-0.005745,-1.197960,0.004443,-1.194249,-0.002333,-1.206087,-0.003228,-1.192665,0.002138,-1.199620,0.002973,-1.184353
3.870000,0.000000,-0.000798,-1.180252,0.000928,-1.197363,-0.000157,-1.190809,-0.003320,-1.193717,-0.000977,-1.190831,0.008252,-1.197135,0.005881,-1.182509,0.001611,-1.191178,0.004970,-1.163791,-0.001628,-1.185938
3.880000,0.000000,-0.002235,-1.193500,-0.004270,-1.183767,-0.001546,-1.187598,0.001850,-1.188509,0.001617,-1.187956,-0.002040,-1.181673,-0.007026,-1.182335,0.000027,-1.185460,0.003722,-1.206847,0.001568,-1.182183
3.890000,0.000000,0.002420,-1.177431,-0.004574,-1.184017,-0.001259,-1.186990,0.002762,-1.191504,-0.000532,-1.186936,0.004324,-1.185167,-0.000879,-1.167882,0.006771,-1.188726,-0.003575,-1.184885,0.002561,-1.179438
3.900000,0.000000,-0.005523,-1.180241,0.001937,-1.185547,0.001969,-1.199013,0.001644,-1.181272,0.000163,-1.169444,0.000342,-1.164345,0.001356,-1.170486,0.005604,-1.160699,0.003027,-1.180056,-0.003234,-1.178743
3.910000,0.000000,0.000157,-1.161925,-0.006076,-1.169629,0.004199,-1.156239,0.000678,-1.170822,-0.000396,-1.167925,0.001270,-1.168142,-0.000863,-1.156999,0.005827,-1.154514,0.006570,-1.167296,0.001790,-1.156662
3.920000,0.000000,0.003456,-1.155697,0.000309,-1.165603,-0.001617,-1.156879,0.000141,-1.154460,-0.000239,-1.157715,0.001807,-1.151237,0.003141,-1.158908,-0.002035,-1.160710,-0.001742,-1.158507,0.002582,-1.166092
3.930000,0.000000,0.000624,-1.149284,0.001085,-1.132042,0.002805,-1.142296,-0.001166,-1.155295,0.002561,-1.152420,0.005843,-1.154221,0.000521,-1.161675,-0.001557,-1.152973,0.000206,-1.154861,0.001953,-1.155436
3.940000,0.000000,0.009554,-1.158496,0.003803,-1.151823,0.004020,-1.151725,-0.001698,-1.156955,-0.002203,-1.149251,0.003396,-1.157574,0.003011,-1.147027,0.005838,-1.141927,-0.002257,-1.145855,0.005084,-1.158930
3.950000,0.000000,-0.003510,-1.141678,-0.009570,-1.151866,0.001904,-1.144119,0.000152,-1.153971,-0.004091,-1.154308,0.001177,-1.148058,-0.004753,-1.154243,0.006239,-1.146267,-0.003646,-1.139670,0.000841,-1.144401
3.960000,0.000000,-0.000342,-1.134939,0.007671,-1.152203,-0.002610,-1.157292,0.002957,-1.128103,-0.000114,-1.147211,0.003944,-1.142556,0.005062,-1.153516,0.004758,-1.164063,-0.001470,-1.164648,0.000933,-1.138878
3.970000,0.000000,-0.003244,-1.140441,-0.000027,-1.141895,0.004850,-1.127170,-0.001747,-1.142893,-0.000548,-1.147114,0.002398,-1.135525,0.001031,-1.147493,-0.004796,-1.141265,0.004286,-1.142470,0.000787,-1.128255
3.980000,0.000000,0.004541,-1.136165,0.000667,-1.143034,0.001866,-1.142253,-0.001004,-1.130523,0.000266,-1.125922,0.002870,-1.137901,-0.007416,-1.147580,-0.004221,-1.140560,-0.000754,-1.132465,-0.003814,-1.145367
3.990000,0.000000,0.008485,-1.133963,-0.003554,-1.140679,0.005724,-1.135124,-0.001085,-1.136285,-0.007254,-1.116146,-0.003749,-1.109722,0.000553,-1.113770,0.000841,-1.115365,0.005024,-1.115560,0.001145,-1.117383
4.000000,0.000000,0.002610,-1.115582,0.000429,-1.105295,-0.001915,-1.115809,0.000260,-1.112923,-0.005257,-1.100499,0.000353,-1.107520,-0.001329,-1.113314,-0.005632,-1.105957,0.003857,-1.110547,0.000456,-1.099891
